{
  "name": "APPLE IPHONE 13 MINI Wide",
  "camera": "APPLE IPHONE 13 MINI",
  "saturation": 1.0,
  "bc_dr": 13.0,
  "bc_gamma": 1.37,
  "hue_vs_hue": [
    [
      0.0,
      -0.10377673608862137
    ],
    [
      0.08333333333333333,
      0.019049802975443703
    ],
    [
      0.16666666666666666,
      0.1772565613897275
    ],
    [
      0.25,
      0.17970091549443423
    ],
    [
      0.3333333333333333,
      0.05672822113075911
    ],
    [
      0.41666666666666663,
      -0.03416484601799596
    ],
    [
      0.5,
      -0.05848862407201502
    ],
    [
      0.5833333333333333,
      -0.06893155242497277
    ],
    [
      0.6666666666666666,
      -0.048625385829730555
    ],
    [
      0.75,
      0.015059574363981448
    ],
    [
      0.8333333333333333,
      0.025648658016549378
    ],
    [
      0.9166666666666666,
      -0.06197119984422157
    ]
  ],
  "hue_vs_sat": [
    [
      0.0,
      1.1546473613684438
    ],
    [
      0.08333333333333333,
      0.8158383027073179
    ],
    [
      0.16666666666666666,
      0.8939386062088087
    ],
    [
      0.25,
      1.2430593221978423
    ],
    [
      0.3333333333333333,
      1.5234266088916972
    ],
    [
      0.41666666666666663,
      1.6237892205616251
    ],
    [
      0.5,
      1.558798309210949
    ],
    [
      0.5833333333333333,
      1.338400293702795
    ],
    [
      0.6666666666666666,
      1.1411965056536846
    ],
    [
      0.75,
      1.2321793792863114
    ],
    [
      0.8333333333333333,
      1.511019166761736
    ],
    [
      0.9166666666666666,
      1.5297600396394284
    ]
  ],
  "hue_vs_lum": [
    [
      0.0,
      -1.0264368219095705
    ],
    [
      0.08333333333333333,
      -0.2687799277333424
    ],
    [
      0.16666666666666666,
      0.2167458006273611
    ],
    [
      0.25,
      0.2661778715165987
    ],
    [
      0.3333333333333333,
      -0.01966571817346255
    ],
    [
      0.41666666666666663,
      -0.36940542273540355
    ],
    [
      0.5,
      -0.6026201366808929
    ],
    [
      0.5833333333333333,
      -0.8117579598277342
    ],
    [
      0.6666666666666666,
      -1.1884109372979856
    ],
    [
      0.75,
      -1.6774893283261585
    ],
    [
      0.8333333333333333,
      -1.9401648096654835
    ],
    [
      0.9166666666666666,
      -1.6992978559939949
    ]
  ],
  "ref_hue_vs_hue": [
    [
      0.0,
      -0.10377673608862137
    ],
    [
      0.08333333333333333,
      0.019049802975443703
    ],
    [
      0.16666666666666666,
      0.1772565613897275
    ],
    [
      0.25,
      0.17970091549443423
    ],
    [
      0.3333333333333333,
      0.05672822113075911
    ],
    [
      0.41666666666666663,
      -0.03416484601799596
    ],
    [
      0.5,
      -0.05848862407201502
    ],
    [
      0.5833333333333333,
      -0.06893155242497277
    ],
    [
      0.6666666666666666,
      -0.048625385829730555
    ],
    [
      0.75,
      0.015059574363981448
    ],
    [
      0.8333333333333333,
      0.025648658016549378
    ],
    [
      0.9166666666666666,
      -0.06197119984422157
    ]
  ],
  "ref_hue_vs_sat": [
    [
      0.0,
      1.1546473613684438
    ],
    [
      0.08333333333333333,
      0.8158383027073179
    ],
    [
      0.16666666666666666,
      0.8939386062088087
    ],
    [
      0.25,
      1.2430593221978423
    ],
    [
      0.3333333333333333,
      1.5234266088916972
    ],
    [
      0.41666666666666663,
      1.6237892205616251
    ],
    [
      0.5,
      1.558798309210949
    ],
    [
      0.5833333333333333,
      1.338400293702795
    ],
    [
      0.6666666666666666,
      1.1411965056536846
    ],
    [
      0.75,
      1.2321793792863114
    ],
    [
      0.8333333333333333,
      1.511019166761736
    ],
    [
      0.9166666666666666,
      1.5297600396394284
    ]
  ],
  "ref_hue_vs_lum": [
    [
      0.0,
      -1.0264368219095705
    ],
    [
      0.08333333333333333,
      -0.2687799277333424
    ],
    [
      0.16666666666666666,
      0.2167458006273611
    ],
    [
      0.25,
      0.2661778715165987
    ],
    [
      0.3333333333333333,
      -0.01966571817346255
    ],
    [
      0.41666666666666663,
      -0.36940542273540355
    ],
    [
      0.5,
      -0.6026201366808929
    ],
    [
      0.5833333333333333,
      -0.8117579598277342
    ],
    [
      0.6666666666666666,
      -1.1884109372979856
    ],
    [
      0.75,
      -1.6774893283261585
    ],
    [
      0.8333333333333333,
      -1.9401648096654835
    ],
    [
      0.9166666666666666,
      -1.6992978559939949
    ]
  ]
}
