{
  "name": "APPLE IPHONE 13 MINI Ultra Wide",
  "camera": "APPLE IPHONE 13 MINI",
  "saturation": 1.0,
  "bc_dr": 13.0,
  "bc_gamma": 1.37,
  "hue_vs_hue": [
    [
      0.0,
      -0.10072205281578338
    ],
    [
      0.08333333333333333,
      0.009221375263353898
    ],
    [
      0.16666666666666666,
      0.16585892530250174
    ],
    [
      0.25,
      0.1829250291272915
    ],
    [
      0.3333333333333333,
      0.07363871819555755
    ],
    [
      0.41666666666666663,
      -0.01274955095363585
    ],
    [
      0.5,
      -0.034854979640971964
    ],
    [
      0.5833333333333333,
      -0.046365316605704546
    ],
    [
      0.6666666666666666,
      -0.03810612272293154
    ],
    [
      0.75,
      0.01129142625979497
    ],
    [
      0.8333333333333333,
      0.022144646077124325
    ],
    [
      0.9166666666666666,
      -0.05636382869560312
    ]
  ],
  "hue_vs_sat": [
    [
      0.0,
      1.2187227233467952
    ],
    [
      0.08333333333333333,
      0.9375288840256527
    ],
    [
      0.16666666666666666,
      1.033295727824172
    ],
    [
      0.25,
      1.3285848264010085
    ],
    [
      0.3333333333333333,
      1.5885956804071684
    ],
    [
      0.41666666666666663,
      1.753952072803366
    ],
    [
      0.5,
      1.7535893633953705
    ],
    [
      0.5833333333333333,
      1.5363600048900534
    ],
    [
      0.6666666666666666,
      1.3287122554284518
    ],
    [
      0.75,
      1.4199654490149936
    ],
    [
      0.8333333333333333,
      1.6583777928352932
    ],
    [
      0.9166666666666666,
      1.6049023061021785
    ]
  ],
  "hue_vs_lum": [
    [
      0.0,
      -1.2122051060287058
    ],
    [
      0.08333333333333333,
      -0.788592273140974
    ],
    [
      0.16666666666666666,
      -0.3153629934408001
    ],
    [
      0.25,
      0.04674443349462412
    ],
    [
      0.3333333333333333,
      -0.26952713765575886
    ],
    [
      0.41666666666666663,
      -0.9550395201001725
    ],
    [
      0.5,
      -1.1455912937019959
    ],
    [
      0.5833333333333333,
      -0.9946861396290455
    ],
    [
      0.6666666666666666,
      -1.4137344813743085
    ],
    [
      0.75,
      -2.2961789573155054
    ],
    [
      0.8333333333333333,
      -2.554425373125805
    ],
    [
      0.9166666666666666,
      -1.923093928636302
    ]
  ],
  "ref_hue_vs_hue": [
    [
      0.0,
      -0.10072205281578338
    ],
    [
      0.08333333333333333,
      0.009221375263353898
    ],
    [
      0.16666666666666666,
      0.16585892530250174
    ],
    [
      0.25,
      0.1829250291272915
    ],
    [
      0.3333333333333333,
      0.07363871819555755
    ],
    [
      0.41666666666666663,
      -0.01274955095363585
    ],
    [
      0.5,
      -0.034854979640971964
    ],
    [
      0.5833333333333333,
      -0.046365316605704546
    ],
    [
      0.6666666666666666,
      -0.03810612272293154
    ],
    [
      0.75,
      0.01129142625979497
    ],
    [
      0.8333333333333333,
      0.022144646077124325
    ],
    [
      0.9166666666666666,
      -0.05636382869560312
    ]
  ],
  "ref_hue_vs_sat": [
    [
      0.0,
      1.2187227233467952
    ],
    [
      0.08333333333333333,
      0.9375288840256527
    ],
    [
      0.16666666666666666,
      1.033295727824172
    ],
    [
      0.25,
      1.3285848264010085
    ],
    [
      0.3333333333333333,
      1.5885956804071684
    ],
    [
      0.41666666666666663,
      1.753952072803366
    ],
    [
      0.5,
      1.7535893633953705
    ],
    [
      0.5833333333333333,
      1.5363600048900534
    ],
    [
      0.6666666666666666,
      1.3287122554284518
    ],
    [
      0.75,
      1.4199654490149936
    ],
    [
      0.8333333333333333,
      1.6583777928352932
    ],
    [
      0.9166666666666666,
      1.6049023061021785
    ]
  ],
  "ref_hue_vs_lum": [
    [
      0.0,
      -1.2122051060287058
    ],
    [
      0.08333333333333333,
      -0.788592273140974
    ],
    [
      0.16666666666666666,
      -0.3153629934408001
    ],
    [
      0.25,
      0.04674443349462412
    ],
    [
      0.3333333333333333,
      -0.26952713765575886
    ],
    [
      0.41666666666666663,
      -0.9550395201001725
    ],
    [
      0.5,
      -1.1455912937019959
    ],
    [
      0.5833333333333333,
      -0.9946861396290455
    ],
    [
      0.6666666666666666,
      -1.4137344813743085
    ],
    [
      0.75,
      -2.2961789573155054
    ],
    [
      0.8333333333333333,
      -2.554425373125805
    ],
    [
      0.9166666666666666,
      -1.923093928636302
    ]
  ]
}
