{
  "name": "CANON EOS R6M2",
  "camera": "CANON EOS R6M2",
  "saturation": 1.0,
  "bc_dr": 13.0,
  "bc_gamma": 1.37,
  "hue_vs_hue": [
    [
      0.0,
      -0.06827650632610177
    ],
    [
      0.08333333333333333,
      0.01890680511586529
    ],
    [
      0.16666666666666666,
      0.16317407298168363
    ],
    [
      0.25,
      0.22031475924785068
    ],
    [
      0.3333333333333333,
      0.14388674545064292
    ],
    [
      0.41666666666666663,
      -0.0008458766315692506
    ],
    [
      0.5,
      -0.10235121359644245
    ],
    [
      0.5833333333333333,
      -0.07582770020353356
    ],
    [
      0.6666666666666666,
      0.05963577825843386
    ],
    [
      0.75,
      0.16851901348517662
    ],
    [
      0.8333333333333333,
      0.13124020244750853
    ],
    [
      0.9166666666666666,
      -0.003757921798065049
    ]
  ],
  "hue_vs_sat": [
    [
      0.0,
      1.0983580064513807
    ],
    [
      0.08333333333333333,
      0.6790649481921682
    ],
    [
      0.16666666666666666,
      0.8182515646232545
    ],
    [
      0.25,
      1.2483835742391511
    ],
    [
      0.3333333333333333,
      1.606975581947982
    ],
    [
      0.41666666666666663,
      1.8881225859181114
    ],
    [
      0.5,
      2.0051561184639555
    ],
    [
      0.5833333333333333,
      1.718030379501773
    ],
    [
      0.6666666666666666,
      1.2550757369193855
    ],
    [
      0.75,
      1.2075944983735836
    ],
    [
      0.8333333333333333,
      1.555421287886148
    ],
    [
      0.9166666666666666,
      1.5980423100673198
    ]
  ],
  "hue_vs_lum": [
    [
      0.0,
      -0.07037433658963443
    ],
    [
      0.08333333333333333,
      0.4184349879414577
    ],
    [
      0.16666666666666666,
      0.7520859598785505
    ],
    [
      0.25,
      0.6553580816903154
    ],
    [
      0.3333333333333333,
      0.5047317143316697
    ],
    [
      0.41666666666666663,
      0.35064602941881484
    ],
    [
      0.5,
      -0.3116835405601676
    ],
    [
      0.5833333333333333,
      -1.334634747647176
    ],
    [
      0.6666666666666666,
      -1.7222969087339859
    ],
    [
      0.75,
      -1.145438337139549
    ],
    [
      0.8333333333333333,
      -0.4606700872249867
    ],
    [
      0.9166666666666666,
      -0.2525732131624152
    ]
  ],
  "ref_hue_vs_hue": [
    [
      0.0,
      -0.06827650632610177
    ],
    [
      0.08333333333333333,
      0.01890680511586529
    ],
    [
      0.16666666666666666,
      0.16317407298168363
    ],
    [
      0.25,
      0.22031475924785068
    ],
    [
      0.3333333333333333,
      0.14388674545064292
    ],
    [
      0.41666666666666663,
      -0.0008458766315692506
    ],
    [
      0.5,
      -0.10235121359644245
    ],
    [
      0.5833333333333333,
      -0.07582770020353356
    ],
    [
      0.6666666666666666,
      0.05963577825843386
    ],
    [
      0.75,
      0.16851901348517662
    ],
    [
      0.8333333333333333,
      0.13124020244750853
    ],
    [
      0.9166666666666666,
      -0.003757921798065049
    ]
  ],
  "ref_hue_vs_sat": [
    [
      0.0,
      1.0983580064513807
    ],
    [
      0.08333333333333333,
      0.6790649481921682
    ],
    [
      0.16666666666666666,
      0.8182515646232545
    ],
    [
      0.25,
      1.2483835742391511
    ],
    [
      0.3333333333333333,
      1.606975581947982
    ],
    [
      0.41666666666666663,
      1.8881225859181114
    ],
    [
      0.5,
      2.0051561184639555
    ],
    [
      0.5833333333333333,
      1.718030379501773
    ],
    [
      0.6666666666666666,
      1.2550757369193855
    ],
    [
      0.75,
      1.2075944983735836
    ],
    [
      0.8333333333333333,
      1.555421287886148
    ],
    [
      0.9166666666666666,
      1.5980423100673198
    ]
  ],
  "ref_hue_vs_lum": [
    [
      0.0,
      -0.07037433658963443
    ],
    [
      0.08333333333333333,
      0.4184349879414577
    ],
    [
      0.16666666666666666,
      0.7520859598785505
    ],
    [
      0.25,
      0.6553580816903154
    ],
    [
      0.3333333333333333,
      0.5047317143316697
    ],
    [
      0.41666666666666663,
      0.35064602941881484
    ],
    [
      0.5,
      -0.3116835405601676
    ],
    [
      0.5833333333333333,
      -1.334634747647176
    ],
    [
      0.6666666666666666,
      -1.7222969087339859
    ],
    [
      0.75,
      -1.145438337139549
    ],
    [
      0.8333333333333333,
      -0.4606700872249867
    ],
    [
      0.9166666666666666,
      -0.2525732131624152
    ]
  ]
}
