{
  "name": "FUJIFILM X-T3",
  "camera": "FUJIFILM X-T3",
  "saturation": 1.0,
  "bc_dr": 13.0,
  "bc_gamma": 1.37,
  "hue_vs_hue": [
    [
      0.0,
      -0.12291410379630578
    ],
    [
      0.08333333333333333,
      0.01820001460800589
    ],
    [
      0.16666666666666666,
      0.1549772377787202
    ],
    [
      0.25,
      0.16853334623291494
    ],
    [
      0.3333333333333333,
      0.09292599784240857
    ],
    [
      0.41666666666666663,
      -0.020346729496987417
    ],
    [
      0.5,
      -0.1337720966674251
    ],
    [
      0.5833333333333333,
      -0.15234988556104334
    ],
    [
      0.6666666666666666,
      -0.027267872910786292
    ],
    [
      0.75,
      0.0984989249452969
    ],
    [
      0.8333333333333333,
      0.05156994382511
    ],
    [
      0.9166666666666666,
      -0.09701656465646542
    ]
  ],
  "hue_vs_sat": [
    [
      0.0,
      1.1755408538830172
    ],
    [
      0.08333333333333333,
      0.6256379630395291
    ],
    [
      0.16666666666666666,
      0.6305513107388111
    ],
    [
      0.25,
      1.0163187200280686
    ],
    [
      0.3333333333333333,
      1.311185270876667
    ],
    [
      0.41666666666666663,
      1.458809238586539
    ],
    [
      0.5,
      1.5792213712855547
    ],
    [
      0.5833333333333333,
      1.5586655425230869
    ],
    [
      0.6666666666666666,
      1.3930413188844566
    ],
    [
      0.75,
      1.4170217532618077
    ],
    [
      0.8333333333333333,
      1.6926139220191652
    ],
    [
      0.9166666666666666,
      1.7057008302486414
    ]
  ],
  "hue_vs_lum": [
    [
      0.0,
      -0.6932163514278671
    ],
    [
      0.08333333333333333,
      0.0869407890003071
    ],
    [
      0.16666666666666666,
      0.5893376821536855
    ],
    [
      0.25,
      0.7381242664828371
    ],
    [
      0.3333333333333333,
      0.7284828147588298
    ],
    [
      0.41666666666666663,
      0.6132772862259448
    ],
    [
      0.5,
      0.14256783526487415
    ],
    [
      0.5833333333333333,
      -0.7626067372691707
    ],
    [
      0.6666666666666666,
      -1.687943881995105
    ],
    [
      0.75,
      -2.13465328579094
    ],
    [
      0.8333333333333333,
      -1.9999944019610616
    ],
    [
      0.9166666666666666,
      -1.4618486218556215
    ]
  ],
  "ref_hue_vs_hue": [
    [
      0.0,
      -0.12291410379630578
    ],
    [
      0.08333333333333333,
      0.01820001460800589
    ],
    [
      0.16666666666666666,
      0.1549772377787202
    ],
    [
      0.25,
      0.16853334623291494
    ],
    [
      0.3333333333333333,
      0.09292599784240857
    ],
    [
      0.41666666666666663,
      -0.020346729496987417
    ],
    [
      0.5,
      -0.1337720966674251
    ],
    [
      0.5833333333333333,
      -0.15234988556104334
    ],
    [
      0.6666666666666666,
      -0.027267872910786292
    ],
    [
      0.75,
      0.0984989249452969
    ],
    [
      0.8333333333333333,
      0.05156994382511
    ],
    [
      0.9166666666666666,
      -0.09701656465646542
    ]
  ],
  "ref_hue_vs_sat": [
    [
      0.0,
      1.1755408538830172
    ],
    [
      0.08333333333333333,
      0.6256379630395291
    ],
    [
      0.16666666666666666,
      0.6305513107388111
    ],
    [
      0.25,
      1.0163187200280686
    ],
    [
      0.3333333333333333,
      1.311185270876667
    ],
    [
      0.41666666666666663,
      1.458809238586539
    ],
    [
      0.5,
      1.5792213712855547
    ],
    [
      0.5833333333333333,
      1.5586655425230869
    ],
    [
      0.6666666666666666,
      1.3930413188844566
    ],
    [
      0.75,
      1.4170217532618077
    ],
    [
      0.8333333333333333,
      1.6926139220191652
    ],
    [
      0.9166666666666666,
      1.7057008302486414
    ]
  ],
  "ref_hue_vs_lum": [
    [
      0.0,
      -0.6932163514278671
    ],
    [
      0.08333333333333333,
      0.0869407890003071
    ],
    [
      0.16666666666666666,
      0.5893376821536855
    ],
    [
      0.25,
      0.7381242664828371
    ],
    [
      0.3333333333333333,
      0.7284828147588298
    ],
    [
      0.41666666666666663,
      0.6132772862259448
    ],
    [
      0.5,
      0.14256783526487415
    ],
    [
      0.5833333333333333,
      -0.7626067372691707
    ],
    [
      0.6666666666666666,
      -1.687943881995105
    ],
    [
      0.75,
      -2.13465328579094
    ],
    [
      0.8333333333333333,
      -1.9999944019610616
    ],
    [
      0.9166666666666666,
      -1.4618486218556215
    ]
  ]
}
