{
  "name": "NIKON Z 6",
  "camera": "NIKON Z 6",
  "saturation": 1.0,
  "bc_dr": 13.0,
  "bc_gamma": 1.37,
  "hue_vs_hue": [
    [
      0.0,
      -0.06506796779832671
    ],
    [
      0.08333333333333333,
      0.045056467868176686
    ],
    [
      0.16666666666666666,
      0.14950917015930074
    ],
    [
      0.25,
      0.14607897961723776
    ],
    [
      0.3333333333333333,
      0.08622422937747531
    ],
    [
      0.41666666666666663,
      0.0012869647418533303
    ],
    [
      0.5,
      -0.12144993664724205
    ],
    [
      0.5833333333333333,
      -0.19042088304749022
    ],
    [
      0.6666666666666666,
      -0.0927500423259737
    ],
    [
      0.75,
      0.0716502019624748
    ],
    [
      0.8333333333333333,
      0.09035146293598212
    ],
    [
      0.9166666666666666,
      -0.026834815441036542
    ]
  ],
  "hue_vs_sat": [
    [
      0.0,
      1.1572428817997946
    ],
    [
      0.08333333333333333,
      0.6610379446544571
    ],
    [
      0.16666666666666666,
      0.7095895294861094
    ],
    [
      0.25,
      1.0189873823073818
    ],
    [
      0.3333333333333333,
      1.28664624199366
    ],
    [
      0.41666666666666663,
      1.6425295665427735
    ],
    [
      0.5,
      2.015876440631335
    ],
    [
      0.5833333333333333,
      1.9791002780635218
    ],
    [
      0.6666666666666666,
      1.5866759505535175
    ],
    [
      0.75,
      1.4663864547670444
    ],
    [
      0.8333333333333333,
      1.7317086947939173
    ],
    [
      0.9166666666666666,
      1.7196981129231563
    ]
  ],
  "hue_vs_lum": [
    [
      0.0,
      -0.1873391717625101
    ],
    [
      0.08333333333333333,
      0.6420176851791889
    ],
    [
      0.16666666666666666,
      1.084881071652558
    ],
    [
      0.25,
      0.899656499983174
    ],
    [
      0.3333333333333333,
      0.6919621022537792
    ],
    [
      0.41666666666666663,
      0.7447693755405965
    ],
    [
      0.5,
      0.3736075433503797
    ],
    [
      0.5833333333333333,
      -0.7681149346490228
    ],
    [
      0.6666666666666666,
      -1.8085436822562508
    ],
    [
      0.75,
      -1.9085188506630202
    ],
    [
      0.8333333333333333,
      -1.388458831875921
    ],
    [
      0.9166666666666666,
      -0.8437007440288801
    ]
  ],
  "ref_hue_vs_hue": [
    [
      0.0,
      -0.06506796779832671
    ],
    [
      0.08333333333333333,
      0.045056467868176686
    ],
    [
      0.16666666666666666,
      0.14950917015930074
    ],
    [
      0.25,
      0.14607897961723776
    ],
    [
      0.3333333333333333,
      0.08622422937747531
    ],
    [
      0.41666666666666663,
      0.0012869647418533303
    ],
    [
      0.5,
      -0.12144993664724205
    ],
    [
      0.5833333333333333,
      -0.19042088304749022
    ],
    [
      0.6666666666666666,
      -0.0927500423259737
    ],
    [
      0.75,
      0.0716502019624748
    ],
    [
      0.8333333333333333,
      0.09035146293598212
    ],
    [
      0.9166666666666666,
      -0.026834815441036542
    ]
  ],
  "ref_hue_vs_sat": [
    [
      0.0,
      1.1572428817997946
    ],
    [
      0.08333333333333333,
      0.6610379446544571
    ],
    [
      0.16666666666666666,
      0.7095895294861094
    ],
    [
      0.25,
      1.0189873823073818
    ],
    [
      0.3333333333333333,
      1.28664624199366
    ],
    [
      0.41666666666666663,
      1.6425295665427735
    ],
    [
      0.5,
      2.015876440631335
    ],
    [
      0.5833333333333333,
      1.9791002780635218
    ],
    [
      0.6666666666666666,
      1.5866759505535175
    ],
    [
      0.75,
      1.4663864547670444
    ],
    [
      0.8333333333333333,
      1.7317086947939173
    ],
    [
      0.9166666666666666,
      1.7196981129231563
    ]
  ],
  "ref_hue_vs_lum": [
    [
      0.0,
      -0.1873391717625101
    ],
    [
      0.08333333333333333,
      0.6420176851791889
    ],
    [
      0.16666666666666666,
      1.084881071652558
    ],
    [
      0.25,
      0.899656499983174
    ],
    [
      0.3333333333333333,
      0.6919621022537792
    ],
    [
      0.41666666666666663,
      0.7447693755405965
    ],
    [
      0.5,
      0.3736075433503797
    ],
    [
      0.5833333333333333,
      -0.7681149346490228
    ],
    [
      0.6666666666666666,
      -1.8085436822562508
    ],
    [
      0.75,
      -1.9085188506630202
    ],
    [
      0.8333333333333333,
      -1.388458831875921
    ],
    [
      0.9166666666666666,
      -0.8437007440288801
    ]
  ]
}
