{
  "name": "SONY ILCE-7M3",
  "camera": "SONY ILCE-7M3",
  "saturation": 1.0,
  "bc_dr": 13.022305653710248,
  "bc_gamma": 1.37,
  "hue_vs_hue": [
    [
      0.0,
      -0.08904714281106163
    ],
    [
      0.08333333333333333,
      -0.004678162342569538
    ],
    [
      0.16666666666666666,
      0.11833746299851158
    ],
    [
      0.25,
      0.1391372562474746
    ],
    [
      0.3333333333333333,
      0.07347296278995052
    ],
    [
      0.41666666666666663,
      -0.019045368141384397
    ],
    [
      0.5,
      -0.12661439198159644
    ],
    [
      0.5833333333333333,
      -0.18820308012605447
    ],
    [
      0.6666666666666666,
      -0.10843674116138378
    ],
    [
      0.75,
      0.05076513757137109
    ],
    [
      0.8333333333333333,
      0.0936491387048613
    ],
    [
      0.9166666666666666,
      -0.01661449466955559
    ]
  ],
  "hue_vs_sat": [
    [
      0.0,
      1.1036318208446128
    ],
    [
      0.08333333333333333,
      0.8061263379220058
    ],
    [
      0.16666666666666666,
      0.8812088078109214
    ],
    [
      0.25,
      1.086553869962199
    ],
    [
      0.3333333333333333,
      1.3829480202515294
    ],
    [
      0.41666666666666663,
      1.8115287944874296
    ],
    [
      0.5,
      2.0169811145573098
    ],
    [
      0.5833333333333333,
      1.7006803862366016
    ],
    [
      0.6666666666666666,
      1.2895073043656295
    ],
    [
      0.75,
      1.3618778414756112
    ],
    [
      0.8333333333333333,
      1.6792899024295962
    ],
    [
      0.9166666666666666,
      1.5867997401757523
    ]
  ],
  "hue_vs_lum": [
    [
      0.0,
      -0.14867144237731267
    ],
    [
      0.08333333333333333,
      -0.3584189833324371
    ],
    [
      0.16666666666666666,
      -0.0517754258411528
    ],
    [
      0.25,
      0.48515161867835177
    ],
    [
      0.3333333333333333,
      0.33712543261795463
    ],
    [
      0.41666666666666663,
      -0.18516098519064408
    ],
    [
      0.5,
      -0.3181683643270218
    ],
    [
      0.5833333333333333,
      -0.5121482738601528
    ],
    [
      0.6666666666666666,
      -1.405803784227604
    ],
    [
      0.75,
      -2.1260153311350205
    ],
    [
      0.8333333333333333,
      -1.5742616945863688
    ],
    [
      0.9166666666666666,
      -0.464963323901602
    ]
  ],
  "ref_hue_vs_hue": [
    [
      0.0,
      -0.08904714281106163
    ],
    [
      0.08333333333333333,
      -0.004678162342569538
    ],
    [
      0.16666666666666666,
      0.11833746299851158
    ],
    [
      0.25,
      0.1391372562474746
    ],
    [
      0.3333333333333333,
      0.07347296278995052
    ],
    [
      0.41666666666666663,
      -0.019045368141384397
    ],
    [
      0.5,
      -0.12661439198159644
    ],
    [
      0.5833333333333333,
      -0.18820308012605447
    ],
    [
      0.6666666666666666,
      -0.10843674116138378
    ],
    [
      0.75,
      0.05076513757137109
    ],
    [
      0.8333333333333333,
      0.0936491387048613
    ],
    [
      0.9166666666666666,
      -0.01661449466955559
    ]
  ],
  "ref_hue_vs_sat": [
    [
      0.0,
      1.1036318208446128
    ],
    [
      0.08333333333333333,
      0.8061263379220058
    ],
    [
      0.16666666666666666,
      0.8812088078109214
    ],
    [
      0.25,
      1.086553869962199
    ],
    [
      0.3333333333333333,
      1.3829480202515294
    ],
    [
      0.41666666666666663,
      1.8115287944874296
    ],
    [
      0.5,
      2.0169811145573098
    ],
    [
      0.5833333333333333,
      1.7006803862366016
    ],
    [
      0.6666666666666666,
      1.2895073043656295
    ],
    [
      0.75,
      1.3618778414756112
    ],
    [
      0.8333333333333333,
      1.6792899024295962
    ],
    [
      0.9166666666666666,
      1.5867997401757523
    ]
  ],
  "ref_hue_vs_lum": [
    [
      0.0,
      -0.14867144237731267
    ],
    [
      0.08333333333333333,
      -0.3584189833324371
    ],
    [
      0.16666666666666666,
      -0.0517754258411528
    ],
    [
      0.25,
      0.48515161867835177
    ],
    [
      0.3333333333333333,
      0.33712543261795463
    ],
    [
      0.41666666666666663,
      -0.18516098519064408
    ],
    [
      0.5,
      -0.3181683643270218
    ],
    [
      0.5833333333333333,
      -0.5121482738601528
    ],
    [
      0.6666666666666666,
      -1.405803784227604
    ],
    [
      0.75,
      -2.1260153311350205
    ],
    [
      0.8333333333333333,
      -1.5742616945863688
    ],
    [
      0.9166666666666666,
      -0.464963323901602
    ]
  ]
}
