{
  "tone_curve": [
    [
      0.0,
      0.0
    ],
    [
      1.0,
      1.0
    ]
  ],
  "lum_vs_a": [
    [
      0.0,
      0.0
    ],
    [
      1.0,
      0.0
    ]
  ],
  "lum_vs_b": [
    [
      0.0,
      0.0
    ],
    [
      1.0,
      0.0
    ]
  ],
  "lum_vs_a_sat": [
    [
      0.0,
      0.0
    ],
    [
      1.0,
      0.0
    ]
  ],
  "lum_vs_b_sat": [
    [
      0.0,
      0.0
    ],
    [
      1.0,
      0.0
    ]
  ],
  "hue_vs_hue": [],
  "hue_vs_sat": [],
  "hue_vs_lum": [],
  "selective_masks": [
    {
      "center": 0.08,
      "enabled": true,
      "tone": [
        [
          0.0,
          0.0
        ],
        [
          1.0,
          0.0
        ]
      ],
      "lum_vs_a": [
        [
          0.0,
          0.0
        ],
        [
          1.0,
          0.0
        ]
      ],
      "lum_vs_b": [
        [
          0.0,
          0.0
        ],
        [
          1.0,
          0.0
        ]
      ],
      "sat_vs_sat": [
        [
          0.0,
          0.0
        ],
        [
          1.0,
          0.0
        ]
      ],
      "sat_vs_hue": [
        [
          0.0,
          0.0
        ],
        [
          1.0,
          0.0
        ]
      ],
      "lum_vs_sat": [
        [
          0.0,
          0.0
        ],
        [
          1.0,
          0.0
        ]
      ],
      "lum_vs_hue": [
        [
          0.0,
          0.0
        ],
        [
          1.0,
          0.0
        ]
      ]
    },
    {
      "center": 0.34268774224806203,
      "enabled": true,
      "tone": [
        [
          0.0,
          0.0
        ],
        [
          0.2626257420844327,
          -0.40269886363636376
        ],
        [
          1.0,
          0.0
        ]
      ],
      "lum_vs_a": [
        [
          0.0,
          0.0
        ],
        [
          0.24229056728232187,
          -0.15349786931818188
        ],
        [
          0.7070106365435356,
          0.06757837533950806
        ],
        [
          1.0,
          0.0
        ]
      ],
      "lum_vs_b": [
        [
          0.0,
          0.0
        ],
        [
          1.0,
          0.0
        ]
      ],
      "sat_vs_sat": [
        [
          0.0,
          0.0
        ],
        [
          1.0,
          0.0
        ]
      ],
      "sat_vs_hue": [
        [
          0.0,
          0.0
        ],
        [
          1.0,
          0.0
        ]
      ],
      "lum_vs_sat": [
        [
          0.0,
          0.0
        ],
        [
          1.0,
          0.0
        ]
      ],
      "lum_vs_hue": [
        [
          0.0,
          0.0
        ],
        [
          1.0,
          0.0
        ]
      ]
    },
    {
      "center": 0.62,
      "enabled": true,
      "tone": [
        [
          0.0,
          0.0
        ],
        [
          1.0,
          0.0
        ]
      ],
      "lum_vs_a": [
        [
          0.0,
          0.0
        ],
        [
          1.0,
          0.0
        ]
      ],
      "lum_vs_b": [
        [
          0.0,
          0.0
        ],
        [
          1.0,
          0.0
        ]
      ],
      "sat_vs_sat": [
        [
          0.0,
          0.0
        ],
        [
          1.0,
          0.0
        ]
      ],
      "sat_vs_hue": [
        [
          0.0,
          0.0
        ],
        [
          1.0,
          0.0
        ]
      ],
      "lum_vs_sat": [
        [
          0.0,
          0.0
        ],
        [
          1.0,
          0.0
        ]
      ],
      "lum_vs_hue": [
        [
          0.0,
          0.0
        ],
        [
          1.0,
          0.0
        ]
      ]
    },
    {
      "center": 0.85,
      "enabled": true,
      "tone": [
        [
          0.0,
          0.0
        ],
        [
          1.0,
          0.0
        ]
      ],
      "lum_vs_a": [
        [
          0.0,
          0.0
        ],
        [
          1.0,
          0.0
        ]
      ],
      "lum_vs_b": [
        [
          0.0,
          0.0
        ],
        [
          1.0,
          0.0
        ]
      ],
      "sat_vs_sat": [
        [
          0.0,
          0.0
        ],
        [
          1.0,
          0.0
        ]
      ],
      "sat_vs_hue": [
        [
          0.0,
          0.0
        ],
        [
          1.0,
          0.0
        ]
      ],
      "lum_vs_sat": [
        [
          0.0,
          0.0
        ],
        [
          1.0,
          0.0
        ]
      ],
      "lum_vs_hue": [
        [
          0.0,
          0.0
        ],
        [
          1.0,
          0.0
        ]
      ]
    },
    {
      "center": 0.2035929254617414,
      "enabled": true,
      "tone": [
        [
          0.0,
          0.0
        ],
        [
          1.0,
          0.0
        ]
      ],
      "lum_vs_a": [
        [
          0.0,
          0.0
        ],
        [
          1.0,
          0.0
        ]
      ],
      "lum_vs_b": [
        [
          0.0,
          0.0
        ],
        [
          1.0,
          0.0
        ]
      ],
      "sat_vs_sat": [
        [
          0.0,
          0.0
        ],
        [
          1.0,
          0.0
        ]
      ],
      "sat_vs_hue": [
        [
          0.0,
          0.0
        ],
        [
          1.0,
          0.0
        ]
      ],
      "lum_vs_sat": [
        [
          0.0,
          0.0
        ],
        [
          1.0,
          0.0
        ]
      ],
      "lum_vs_hue": [
        [
          0.0,
          0.0
        ],
        [
          1.0,
          0.0
        ]
      ]
    }
  ],
  "name": "Moderate green",
  "pipeline_check": {
    "version": "4e44559bb48c2aa07aa53be5e20898f344ca398b8359b42a98637824b2310398",